Title,Company,Location,Reward,Link
Flutter Engineer,퓨처커넥트(리브팜),서울 · 한국,합격보상금 100만원,https://www.wanted.co.kr/wd/176779
Flutter (iOS 또는 Android) 개발자 (2년 이상),디하이소프트,서울 · 한국,합격보상금 100만원,https://www.wanted.co.kr/wd/199432
Flutter 개발자,디하이소프트,서울 · 한국,합격보상금 100만원,https://www.wanted.co.kr/wd/192737
[윙크] Flutter Developer,단비교육,서울 · 한국,합격보상금 100만원,https://www.wanted.co.kr/wd/181162
Flutter 앱 개발자 (3년 이상),에픽코퍼레이션,서울 · 한국,합격보상금 100만원,https://www.wanted.co.kr/wd/162035
Flutter 앱 개발자,더클라우드팩토리,서울 · 한국,합격보상금 100만원,https://www.wanted.co.kr/wd/198773
App 개발자 (Flutter),케이에이씨미디어그룹,서울 · 한국,합격보상금 100만원,https://www.wanted.co.kr/wd/189993
Flutter 모바일 개발,인피니티익스체인지코리아,서울 · 한국,합격보상금 100만원,https://www.wanted.co.kr/wd/202018
Flutter Engineer,퓨처커넥트(리브팜),서울 · 한국,합격보상금 100만원,https://www.wanted.co.kr/wd/176779
Flutter (iOS 또는 Android) 개발자 (2년 이상),디하이소프트,서울 · 한국,합격보상금 100만원,https://www.wanted.co.kr/wd/199432
Flutter 개발자,디하이소프트,서울 · 한국,합격보상금 100만원,https://www.wanted.co.kr/wd/192737
[윙크] Flutter Developer,단비교육,서울 · 한국,합격보상금 100만원,https://www.wanted.co.kr/wd/181162
Flutter 앱 개발자 (3년 이상),에픽코퍼레이션,서울 · 한국,합격보상금 100만원,https://www.wanted.co.kr/wd/162035
Flutter 앱 개발자,더클라우드팩토리,서울 · 한국,합격보상금 100만원,https://www.wanted.co.kr/wd/198773
App 개발자 (Flutter),케이에이씨미디어그룹,서울 · 한국,합격보상금 100만원,https://www.wanted.co.kr/wd/189993
Flutter 모바일 개발,인피니티익스체인지코리아,서울 · 한국,합격보상금 100만원,https://www.wanted.co.kr/wd/202018
Flutter APP개발자,온택트헬스,서울 · 한국,합격보상금 100만원,https://www.wanted.co.kr/wd/201343
[100억↑투자] 모바일 App 개발자(Flutter),비엘큐(테스트밸리),서울 · 한국,합격보상금 100만원,https://www.wanted.co.kr/wd/181248
플러터 모바일 앱 개발자,휴가중,서울 · 한국,합격보상금 100만원,https://www.wanted.co.kr/wd/200961
Flutter 앱 개발자,섬재,서울 · 한국,합격보상금 100만원,https://www.wanted.co.kr/wd/205342
Flutter 앱 개발자,어터,경기 · 한국,합격보상금 100만원,https://www.wanted.co.kr/wd/176807
Flutter 어플리케이션 엔지니어(전문연구요원 가능),시너지에이아이,서울 · 한국,합격보상금 100만원,https://www.wanted.co.kr/wd/90497
Flutter 개발자,코보시스,서울 · 한국,합격보상금 100만원,https://www.wanted.co.kr/wd/99737
플러터 개발자,비밀리,경기 · 한국,합격보상금 100만원,https://www.wanted.co.kr/wd/170344
Flutter 개발자 (병역특례_현역/보충역),넛지헬스케어(캐시워크),서울 · 한국,합격보상금 100만원,https://www.wanted.co.kr/wd/168259
모바일 앱 소프트웨어 개발 (Flutter / iOS / Android),블록체인랩스,서울 · 한국,합격보상금 100만원,https://www.wanted.co.kr/wd/138923
플러터 모바일앱 개발자,한국미용데이터,서울 · 한국,합격보상금 100만원,https://www.wanted.co.kr/wd/197630
프론트엔드(Flutter) 개발자,와이엠스타,서울 · 한국,합격보상금 100만원,https://www.wanted.co.kr/wd/192579
Flutter 앱 개발자,심버스,서울 · 한국,합격보상금 100만원,https://www.wanted.co.kr/wd/187060
플러터 개발자 (3년 이상),다이노즈,서울 · 한국,합격보상금 100만원,https://www.wanted.co.kr/wd/203296
Flutter 모바일 개발자,헥슬란트,서울 · 한국,합격보상금 100만원,https://www.wanted.co.kr/wd/191902
"Flutter, iOS 앱 개발자",에임(AIM),서울 · 한국,합격보상금 100만원,https://www.wanted.co.kr/wd/38892
모바일앱 개발자(Flutter),리브애니웨어,서울 · 한국,합격보상금 100만원,https://www.wanted.co.kr/wd/97734
플러터 개발자 (2년 이상),더블유클럽,서울 · 한국,합격보상금 100만원,https://www.wanted.co.kr/wd/73811
서빙로봇 Flutter 앱 개발자 (포항),폴라리스쓰리디(Polaris3D),경북 · 한국,합격보상금 100만원,https://www.wanted.co.kr/wd/195439
플러터(Flutter)개발자,피닉스다트,서울 · 한국,합격보상금 100만원,https://www.wanted.co.kr/wd/185303
모바일 앱 개발자 (Flutter),시어스랩(Seerslab),서울 · 한국,합격보상금 100만원,https://www.wanted.co.kr/wd/152786
Flutter 앱 개발자,비사이드코리아,서울 · 한국,합격보상금 100만원,https://www.wanted.co.kr/wd/120367
크로스플랫폼(flutter)/ 시니어 프론트엔드 엔지니어,하이스트레인저,서울 · 한국,합격보상금 100만원,https://www.wanted.co.kr/wd/202720
플러터 앱 개발자,포스트랩,서울 · 한국,합격보상금 100만원,https://www.wanted.co.kr/wd/175296
Flutter 앱 개발자,디에이치로지스틱스,서울 · 한국,합격보상금 100만원,https://www.wanted.co.kr/wd/148459
플러터,아토맘코리아,서울 · 한국,합격보상금 100만원,https://www.wanted.co.kr/wd/162758
앱 개발자 flutter,아스타,서울 · 한국,합격보상금 100만원,https://www.wanted.co.kr/wd/163690
"Flutter 앱 개발자 - (1년 이상, 산업기능요원 편입 가능)",테이블매니저,서울 · 한국,합격보상금 100만원,https://www.wanted.co.kr/wd/166647
Flutter 앱 개발자,플랙스뉴럴랩스,서울 · 한국,합격보상금 100만원,https://www.wanted.co.kr/wd/151186
"Frontend Developer (React, Flutter)",디렉셔널,서울 · 한국,합격보상금 100만원,https://www.wanted.co.kr/wd/204226
"Flutter 앱 개발자 (Flutter, AOS, IOS)",유리프트,서울 · 한국,합격보상금 100만원,https://www.wanted.co.kr/wd/166420
모바일/웹 클라이언트(flutter) 개발자(1년),스쿨버스,서울 · 한국,합격보상금 100만원,https://www.wanted.co.kr/wd/201909
모바일 앱 개발자 (Flutter),에스케이디앤디(SK D&D),경기 · 한국,합격보상금 100만원,https://www.wanted.co.kr/wd/143640
"KMPlayer Mobile(Android, iOS) Flutter 개발",판도라티비,경기 · 한국,합격보상금 100만원,https://www.wanted.co.kr/wd/202989
"[100억↑투자] App 개발(Flutter, Android, iOS)",비엘큐(테스트밸리),서울 · 한국,합격보상금 100만원,https://www.wanted.co.kr/wd/87917
프론트엔드(Flutter) 개발자,컨두잇,서울 · 한국,합격보상금 100만원,https://www.wanted.co.kr/wd/199372
[300억↑투자] 다이어트 앱(린다이어트) 모바일 및 Flutter 개발자,인티그레이션(메디스트림),서울 · 한국,합격보상금 100만원,https://www.wanted.co.kr/wd/190108
프론트엔드 개발자(Flutter),피노키오랩,서울 · 한국,합격보상금 100만원,https://www.wanted.co.kr/wd/193439
flutter 개발자,티앤티플러스,서울 · 한국,합격보상금 100만원,https://www.wanted.co.kr/wd/176322
[삼쩜삼] Mobile Engineer(Flutter),자비스앤빌런즈(삼쩜삼),서울 · 한국,합격보상금 100만원,https://www.wanted.co.kr/wd/202813
[100억↑투자] 프론트엔드 개발자 (React-native / flutter),아파트멘터리,서울 · 한국,합격보상금 100만원,https://www.wanted.co.kr/wd/165183
Flutter 앱 개발자,선후,서울 · 한국,합격보상금 100만원,https://www.wanted.co.kr/wd/202253
